{"entity_precision": 0.660377358490566, "entity_recall": 0.8333333333333334, "entity_f1-score": 0.7368421052631579, "entity_support": 42, "token_precision": 0.6714285714285714, "token_recall": 0.9215686274509803, "token_f1-score": 0.7768595041322314, "token_support": 51}