{"entity_precision": 0.6363636363636364, "entity_recall": 0.7857142857142857, "entity_f1-score": 0.7031963470319634, "entity_support": 98, "token_precision": 0.6475770925110133, "token_recall": 0.8855421686746988, "token_f1-score": 0.7480916030534351, "token_support": 166}