{"entity_precision": 0.6981132075471698, "entity_recall": 0.8809523809523809, "entity_f1-score": 0.7789473684210526, "entity_support": 42, "token_precision": 0.7, "token_recall": 0.9607843137254902, "token_f1-score": 0.8099173553719008, "token_support": 51}