{"entity_precision": 0.5, "entity_recall": 0.48175182481751827, "entity_f1-score": 0.49070631970260226, "entity_support": 137, "token_precision": 0.5508982035928144, "token_recall": 0.5542168674698795, "token_f1-score": 0.5525525525525525, "token_support": 166}