{"entity_precision": 0.4595959595959596, "entity_recall": 0.6642335766423357, "entity_f1-score": 0.5432835820895522, "entity_support": 137, "token_precision": 0.5, "token_recall": 0.7108433734939759, "token_f1-score": 0.5870646766169154, "token_support": 166}