{"entity_precision": 0.6597402597402597, "entity_recall": 0.7987421383647799, "entity_f1-score": 0.7226173541963016, "entity_support": 318, "token_precision": 0.721259842519685, "token_recall": 0.8465804066543438, "token_f1-score": 0.7789115646258503, "token_support": 541}