{"entity_precision": 0.6442048517520216, "entity_recall": 0.7515723270440252, "entity_f1-score": 0.6937590711175616, "entity_support": 318, "token_precision": 0.700162074554295, "token_recall": 0.7985212569316081, "token_f1-score": 0.7461139896373057, "token_support": 541}