{"entity_precision": 0.6976047904191617, "entity_recall": 0.7327044025157232, "entity_f1-score": 0.7147239263803681, "entity_support": 318, "token_precision": 0.7521663778162911, "token_recall": 0.8022181146025879, "token_f1-score": 0.776386404293381, "token_support": 541}