{"entity_precision": 0.5416666666666666, "entity_recall": 0.6842105263157895, "entity_f1-score": 0.6046511627906976, "entity_support": 76, "token_precision": 0.5520833333333334, "token_recall": 0.6385542168674698, "token_f1-score": 0.5921787709497207, "token_support": 83}