{"entity_precision": 0.6904761904761905, "entity_recall": 0.7631578947368421, "entity_f1-score": 0.725, "entity_support": 76, "token_precision": 0.7058823529411765, "token_recall": 0.7228915662650602, "token_f1-score": 0.7142857142857143, "token_support": 83}