{"entity_precision": 0.5099337748344371, "entity_recall": 0.8279569892473119, "entity_f1-score": 0.6311475409836066, "entity_support": 93, "token_precision": 0.536723163841808, "token_recall": 0.8482142857142857, "token_f1-score": 0.657439446366782, "token_support": 112}