{"entity_precision": 0.4896551724137931, "entity_recall": 0.7634408602150538, "entity_f1-score": 0.5966386554621849, "entity_support": 93, "token_precision": 0.5112359550561798, "token_recall": 0.8125, "token_f1-score": 0.6275862068965518, "token_support": 112}