{"entity_precision": 0.6728971962616822, "entity_recall": 0.4897959183673469, "entity_f1-score": 0.5669291338582677, "entity_support": 147, "token_precision": 0.7453416149068323, "token_recall": 0.5150214592274678, "token_f1-score": 0.6091370558375635, "token_support": 233}