{"entity_precision": 0.6090225563909775, "entity_recall": 0.5510204081632653, "entity_f1-score": 0.5785714285714286, "entity_support": 147, "token_precision": 0.6831683168316832, "token_recall": 0.592274678111588, "token_f1-score": 0.6344827586206897, "token_support": 233}