{"entity_precision": 0.6478494623655914, "entity_recall": 0.8169491525423729, "entity_f1-score": 0.7226386806596702, "entity_support": 295, "token_precision": 0.7301829268292683, "token_recall": 0.9466403162055336, "token_f1-score": 0.8244406196213425, "token_support": 506}