{"entity_precision": 0.5610687022900763, "entity_recall": 0.7696335078534031, "entity_f1-score": 0.6490066225165563, "entity_support": 191, "token_precision": 0.6412776412776413, "token_recall": 0.8938356164383562, "token_f1-score": 0.7467811158798283, "token_support": 292}