{"kendall_tau": 0.4507476668114661, "pearson_r": 0.5885845851038655, "spearman_rho": 0.5780078495658358}