{"kendall_tau": 0.5778437302402729, "pearson_r": 0.7254630950018536, "spearman_rho": 0.7167140825467725}