{"kendall_tau": 0.5778437302402729, "pearson_r": 0.7254632318864527, "spearman_rho": 0.7167140825467725}