{"kendall_tau": 0.4507476668114661, "pearson_r": 0.5885844515699494, "spearman_rho": 0.5780078495658358}