{"kendall_tau": 0.31182871376137494, "pearson_r": 0.4221325079692087, "spearman_rho": 0.4103474240867628}