{"kendall_tau": 0.28818293451880617, "pearson_r": 0.417431176757188, "spearman_rho": 0.38012159475593804}