{"kendall_tau": 0.40050038592100756, "pearson_r": 0.5297193358767457, "spearman_rho": 0.5147194625851121}