{"kendall_tau": 0.37685460667843884, "pearson_r": 0.4973378796506119, "spearman_rho": 0.48742817979126074}